Title,Price,avability
It's Only the Himalayas,£45.17,"

    
        In stock
    
"
Full Moon over Noah’s ...,£49.43,"

    
        In stock
    
"
See America: A Celebration ...,£48.87,"

    
        In stock
    
"
Vagabonding: An Uncommon Guide ...,£36.94,"

    
        In stock
    
"
Under the Tuscan Sun,£37.33,"

    
        In stock
    
"
A Summer In Europe,£44.34,"

    
        In stock
    
"
The Great Railway Bazaar,£30.54,"

    
        In stock
    
"
A Year in Provence ...,£56.88,"

    
        In stock
    
"
The Road to Little ...,£23.21,"

    
        In stock
    
"
Neither Here nor There: ...,£38.95,"

    
        In stock
    
"
"1,000 Places to See ...",£26.08,"

    
        In stock
    
"
